[
  {
    "account_number": 45,
    "ssn": "669-54-9656",
    "first_name": "Darcy",
    "last_name": "Rodwell",
    "email": "drodwell18@rakuten.co.jp",
    "phone": "579-207-4104",
    "beginning_balance": "$7863392.93",
    "stock_trades": [
      {
        "type": "Sell",
        "stock_symbol": "COR^A",
        "count_shares": 7597,
        "price_per_share": "$29.98"
      },
      {
        "type": "Buy",
        "stock_symbol": "AHT^G",
        "count_shares": 520,
        "price_per_share": "$328.06"
      },
      {
        "type": "Buy",
        "stock_symbol": "AXON",
        "count_shares": 6450,
        "price_per_share": "$282.47"
      },
      {
        "type": "Sell",
        "stock_symbol": "XPLR",
        "count_shares": 8176,
        "price_per_share": "$112.54"
      },
      {
        "type": "Buy",
        "stock_symbol": "BEBE",
        "count_shares": 7464,
        "price_per_share": "$221.43"
      },
      {
        "type": "Buy",
        "stock_symbol": "NSTG",
        "count_shares": 7443,
        "price_per_share": "$22.06"
      },
      {
        "type": "Sell",
        "stock_symbol": "CAE",
        "count_shares": 6014,
        "price_per_share": "$30.92"
      },
      {
        "type": "Sell",
        "stock_symbol": "BSRR",
        "count_shares": 9335,
        "price_per_share": "$374.19"
      },
      {
        "type": "Buy",
        "stock_symbol": "SBRAP",
        "count_shares": 3854,
        "price_per_share": "$320.92"
      },
      {
        "type": "Sell",
        "stock_symbol": "PCOM",
        "count_shares": 8592,
        "price_per_share": "$3.94"
      },
      {
        "type": "Sell",
        "stock_symbol": "NTES",
        "count_shares": 3413,
        "price_per_share": "$229.08"
      },
      {
        "type": "Sell",
        "stock_symbol": "AGFSW",
        "count_shares": 9133,
        "price_per_share": "$201.57"
      },
      {
        "type": "Buy",
        "stock_symbol": "BWP",
        "count_shares": 9307,
        "price_per_share": "$130.41"
      },
      {
        "type": "Buy",
        "stock_symbol": "SNDR",
        "count_shares": 7760,
        "price_per_share": "$50.17"
      },
      {
        "type": "Sell",
        "stock_symbol": "AXSM",
        "count_shares": 7172,
        "price_per_share": "$287.35"
      },
      {
        "type": "Buy",
        "stock_symbol": "MTL^",
        "count_shares": 9638,
        "price_per_share": "$158.96"
      },
      {
        "type": "Sell",
        "stock_symbol": "USAC",
        "count_shares": 8503,
        "price_per_share": "$166.03"
      },
      {
        "type": "Buy",
        "stock_symbol": "AEGN",
        "count_shares": 6,
        "price_per_share": "$144.77"
      },
      {
        "type": "Sell",
        "stock_symbol": "OCN",
        "count_shares": 4948,
        "price_per_share": "$124.46"
      }
    ]
  },
  {
    "account_number": 208,
    "ssn": "136-08-1688",
    "first_name": "Jennine",
    "last_name": "Stawell",
    "email": "jstawell5r@newyorker.com",
    "phone": "928-386-8146",
    "beginning_balance": "$8340639.07",
    "stock_trades": [
      {
        "type": "Sell",
        "stock_symbol": "SPAN",
        "count_shares": 9272,
        "price_per_share": "$187.45"
      },
      {
        "type": "Sell",
        "stock_symbol": "VMI",
        "count_shares": 8430,
        "price_per_share": "$108.00"
      },
      {
        "type": "Sell",
        "stock_symbol": "AHL",
        "count_shares": 9123,
        "price_per_share": "$223.36"
      },
      {
        "type": "Buy",
        "stock_symbol": "UCP",
        "count_shares": 6602,
        "price_per_share": "$194.47"
      },
      {
        "type": "Buy",
        "stock_symbol": "TRK",
        "count_shares": 4152,
        "price_per_share": "$388.17"
      },
      {
        "type": "Sell",
        "stock_symbol": "OFG",
        "count_shares": 156,
        "price_per_share": "$397.67"
      },
      {
        "type": "Buy",
        "stock_symbol": "VRIG",
        "count_shares": 1817,
        "price_per_share": "$205.07"
      },
      {
        "type": "Sell",
        "stock_symbol": "WNS",
        "count_shares": 6258,
        "price_per_share": "$1.34"
      },
      {
        "type": "Sell",
        "stock_symbol": "BMI",
        "count_shares": 3963,
        "price_per_share": "$370.10"
      },
      {
        "type": "Sell",
        "stock_symbol": "XCRA",
        "count_shares": 8791,
        "price_per_share": "$275.92"
      },
      {
        "type": "Buy",
        "stock_symbol": "QTWO",
        "count_shares": 4080,
        "price_per_share": "$374.15"
      },
      {
        "type": "Sell",
        "stock_symbol": "DFS",
        "count_shares": 4343,
        "price_per_share": "$126.99"
      },
      {
        "type": "Sell",
        "stock_symbol": "EFR",
        "count_shares": 6285,
        "price_per_share": "$27.16"
      },
      {
        "type": "Buy",
        "stock_symbol": "HCI",
        "count_shares": 2746,
        "price_per_share": "$40.00"
      },
      {
        "type": "Buy",
        "stock_symbol": "RILYZ",
        "count_shares": 6878,
        "price_per_share": "$1.64"
      },
      {
        "type": "Buy",
        "stock_symbol": "NRCIB",
        "count_shares": 9803,
        "price_per_share": "$52.36"
      },
      {
        "type": "Sell",
        "stock_symbol": "FMBH",
        "count_shares": 1,
        "price_per_share": "$19.88"
      }
    ]
  }
]